{
    "DS": 0.5,
    "PS": 0.05261205726622027,
    "DTW": 8.704526031060555
}